STAGE_NAME,MANUFACTURER_ORG_CODE
10KS2500,THKE
11A57I,OKB1
11S510,OKB1
11S510 (F),OKB1
11S59,OKB1
11S59A,OKB1
11S59A-S,OKB1
11S691,YUZH
11S692,OKB586
11S771,YUZH
11S772,YUZH
11S824,NPOE
11S824F,NPOE
11S824M,NPOE
11S86,NPOE
11S861,NPOE
11S861-01,NPOE
11S861-03,NPOE
12KRB,KHRU
14S53,OKB1
14S53A,OKB1
14S54,OKB1
14S54/RD-0110,OKB1
15A14A,YUZH
15A14B,YUZH
15A18-BR,YUZH
15A18A,YUZH
15A18B,YUZH
15Zh44 St 1,PAVKH
15Zh44 St 2,PAVKH
15Zh52 St 1,PAVKH
15Zh52 St 2,PAVKH
15Zh58A,MITT
15Zh58B,MITT
15Zh58MA,MITT
15Zh58MB,MITT
15Zh58MV,MITT
15Zh58V,MITT
15Zh59A,MITT
15Zh59B,MITT
15Zh59V,MITT
15Zh60 St 1,PAVKH
15Zh60 St 2,PAVKH
15Zh61 St 1,PAVKH
15Zh61 St 2,PAVKH
17S40,NPOE
2.5-DS-59000,ABL
22.6KS1245,HUMS
27D6,FAKEL
28D6,FAKEL
29D6,FAKEL
374BL01A,OKB1
374BL01A-A,OKB1
374BL01B,OKB1
374BL01B-A,OKB1
374BL02A,OKB1
374BL02B,OKB1
48N6,FAKEL
53T6,NOVTR
5Ya26,NOVTR
8A92E,OKB1
8A92ME,OKB1
8K71,OKB1
8K71A,OKB1
8K72E,OKB1
8K72EL,OKB1
8K72KE,OKB1
8K74,OKB1
8K74A,OKB1
8K75A,OKB1
8K75B,OKB1
8K78I,OKB1
8K94,YUZH
8K95A,OKB1
8K95B,OKB1
8K95V,OKB1
8K96A,ARSL
8K96A (RT-2P),ARSL
8K96B,ARSL
8K96B,PERM
8K96B (RT-15),ARSL
8K96B (RT-15),PERM
8K96B (RT-2P),ARSL
8K96B (RT-2P),PERM
8K98A,OKB1
8K98A,PERM
8K98B,OKB1
8K98B,PERM
8K98PA,ARSL
8K98V,ARSL
8K98V,PERM
8K99A,YUZH
8S641,OKB586
8S642,OKB586
8S671,YUZH
8S672,OKB586
8S691,YUZH
8S692,OKB586
8S810,OKB52
8S810M,OKB52
8S811,OKB52
8S812,OKB52
8S812M,OKB52
8S816,KHRU
8S817,KHRU
A-1,OKB1
A-350,SKB30
A-350 Booster,SKB30
A-350Zh,SKB30
A-350Zh Booster,SKB30
A-925,FAKEL
A-925 Booster,FAKEL
A1P,AJSP
A1P,LMSC
A1P Stage 2,AJSP
A1P Stage 2,LMSC
A2E,AJSP
A2E,LMSC
A2E Stage 2,HERC
A2E Stage 2,LMSC
A2P,AJSP
A2P,LMSC
A2P Stage 2,ABL
A2P Stage 2,LMSC
A3P,AJSP
A3P,LMSC
AAD,HAL
AJ10,AJGC
AJ10-101A,AJGC
AJ10-104,AJGC
AJ10-104D,AJGC
AJ10-118,AJGC
AJ10-118A,AJGC
AJ10-118D,AJGC
AJ10-118FJ,AJGC
AJ10-118FJ,MDAC
AJ10-11B,AJGC
AJ10-40,AJGC
AJ10-41,AJGC
AJ10-42,AJGC
AJ60-91,AJGC
AJ60-92,AJGC
AMROC IRR,AMROC
AS-0,VSSC
AS-1,VSSC
AS-2,VSSC
AS-3,VSSC
AS-4,VSSC
ASAS,THKE
ASAS XL,THKE
ASAT,BOUT
ASR SRB-A,NISST
ASROC,UNK
ATACMS,AJCA
ATSM-9,IAI
AUS-51,IAI
AVUM,AVIO
AVUM-RD868P,AVIO
Ababeel St 3,PKNDC
Abid St1,IQ
Abid St2,IQ
Abid St3,IQ
Aeolus Booster,WRE
AeroHTV,AEROPH
AeroHTV Stage 2,AEROPH
Aerobee 100,AJ
Aerobee 150,AJGC
Aerobee 150A,AJGC
Aerobee 75,AJSP
Aerobee AJ10-24,AJ
Aerobee AJ10-25,AJ
Aerobee AJ10-27,AJ
Aerobee AJ10-34,AJ
Aerobee Booster,AJ
Aerobee XASR-1,AJ
Aerojet Jr,AJ
Agate,SEREB
Agena A,LMSC
Agena B,LMSC
Agena D,LMSC
Agni,DRDO
Agni 4 Stage 2,DRDO
Agni II Stage 2,DRDO
Agni III,DRDO
Agni III Stage 2,DRDO
Agni V,DRDO
Agni V Stage 2,DRDO
Agni V Stage 3,DRDO
Aigle,ONERA
Ajax,BELL
Ajax Cluster,AJ
Ajax Cluster 1810,AJ
Al Abbas,MAK
Al Fatah,FATAH
Al Hussein,MAK
Al Samoud,IQMIC
Al Samoud 2,IQMIC
AlKahir,EGAO
Alcor,AJSP
Alcor IA,AJSP
Alcor IB,AJSP
Alcyone,HERC
Alfa,AERIT
Algol 1,LTV
Algol 1A,LTV
Algol 1B,LTV
Algol 1C,LTV
Algol 1D,LTV
Algol 2A,LTV
Algol 2B,LTV
Algol 2C,LTV
Algol 3A,LTV
Altair,ABL
Altair 2,ABL
Amethyste,LRBA
Angara URM,KHRU
Angara URM-1,KHRU
Angara URM-2,KHRU
Antares,ABL
Antares 2,ABL
Antares 2 Stage 1,OSCW
Antares 2 Stage 1,YUZH
Antares 2B,ABL
Antares 3,THKE
Antares Stage 1,OSCW
Antares Stage 1,YUZH
Apache,THKE
Apollo LES,NAAD
Arcas,ATLR
Arcon,ATLR
Arcon booster,ATLR
Ares I-X,THKU
Ariane 5 EPC H158,NORLM
Ariane 5 EPC H175,NORLM
Ariane 5 EPS,DORN
Ariane 5 EPS P2000,DORN
Ariane EAP P238,EADSL
Ariane EAP P240,EADSL
Ariane H10,AELM
Ariane H10+,AELM
Ariane H10-3,AELM
Ariane H8,AELM
Ariane L144,AELM
Ariane L220,EADSL
Ariane L33,DASA
Ariane L33,ERNO
Arrow 3,IAI
Arrow 3 Stage 2,IAI
Arrow II,GCR
Asp,COOP
Asp II,COOP
Asp III,COOP
Asp IV,COOP
Astra Stage 1,ASTRV
Astra Stage 2,ASTRV
Astrid,LLNL
Astris,ERNO
Astrobee D,AJSP
Astrobee F,AJSP
Atea-1,RLABN
Atlas A,GDA
Atlas A Booster,GDA
Atlas B,GDA
Atlas B Booster,GDA
Atlas Booster,GDA
Atlas C,GDA
Atlas C Booster,GDA
Atlas CCB,LMA
Atlas D,GDA
Atlas D Booster,GDA
Atlas E,GDA
Atlas E/F Booster,GDA
Atlas F,GDA
Atlas G,GDA
Atlas G Booster,LMA
Atlas H,GDA
Atlas I,GDA
Atlas II,GDA
Atlas II Booster,LMA
Atlas III,LMA
Atlas MA-5 Booster,GDA
Atlas SLV-3,GDA
Atlas SLV-3A,GDA
Atlas SLV-3C,GDA
Atlas SLV-3D,GDA
Atlas V SRM,AJSP
Aurore,SNECMA
B-611,SANJ
BE-3,HERC
BE-3A4,HERC
BE-3A5,HERC
BE-3A9,HERC
BER,ONERA
BOZ,PROG
BT-310,ISAS
Baby Sergeant,GCR
Baby Sergeant,JPL
Badr-1,ANSAL
Belier,SUD
Belier II,SUD
Belier III,SUD
Belisama,CFTHB
Berenice St2,ONERA
Black Arrow,RAE
Black Arrow,SROE
Black Arrow St2,SROE
Black Brant I,BAL
Black Brant IIB,BAL
Black Brant IIIA,BAL
Black Brant IIIB,BAL
Black Brant Mk1,BAL
Black Brant Mk3,BAL
Black Brant Mk4,BAL
Black Brant VA,BAL
Black Brant VB,BAL
Black Brant VC,BAL
Black Brant VI,BAL
Black Brant VII,BAL
Black Knight,SROE
Black Knight 301,SROE
Black Sparrow,IAI
Blok DM-SL,NPOE
Blok DM-SLB,NPOE
Blok DM1,NPOE
Blok DM3,NPOE
Blok DM4,NPOE
Blok SO-L,NPOL
Blok-2BL,NPOL
Blok-L,OKB1
Blok-ML,NPOL
Blok-NVL,NPOL
Blok-VL,NPOL
Blue Sparrow,IAI
Blue Streak,DEHAVS
Bomarc A,BOC
Bomarc B,BOC
Briz-K,KHRU
Briz-KM,KHRU
Briz-M,KHRU
Bull Goose,FAIRA
Bullpup,THKE
Burya,NPOL
Burya booster,NPOL
C-3 Stage 1,LMSC
C-3 Stage 2,LMSC
CB-250,VSSC
CPKM,ARMT
CSXT,CSXT
CUS12,VSSC
CUS15,VSSC
CZ Booster,CALT
CZ-11-1,SLREC
CZ-11-2,ARMT
CZ-11-3,ARMT
CZ-11-4,ARMT
CZ-2 Stage 1,CALT
CZ-2 Stage 2,CALT
CZ-2C Stage 1,CALT
CZ-2C Stage 2,CALT
CZ-2Cj Stage 2,CALT
CZ-2E Stage 1,CALT
CZ-2E Stage 2,CALT
CZ-3 Stage 1,SAST
CZ-3 Stage 2,SAST
CZ-3 Stage 3,CALT
CZ-3A Stage 1,SAST
CZ-3A Stage 2,SAST
CZ-3A Stage 3,CALT
CZ-3B Stage 2,SAST
CZ-3BE Booster,CALT
CZ-3BE Stage 1,SAST
CZ-4 Stage 1,SAST
CZ-4 Stage 2,SAST
CZ-4 Stage 2j,SAST
CZ-4 Stage 3,SAST
CZ-4B Stage 2,SAST
CZ-4B Stage 3,SAST
CZ-4C Stage 3,SAST
CZ-5 Booster,CALT
CZ-5 Stage 1,CALT
CZ-5 Stage 2,CALT
CZ-7 Stage 1,CALT
CZ-7 Stage 2,CALT
CZ-K2-1,CALT
CZ-K2-2,CALT
CZ-K2-3,CALT
CZ6-C,CALT
Cajun,THKE
Canopus,IIAE
Castor,THKX
Castor 1,THKX
Castor 120,THKU
Castor 2,THKX
Castor 2A,THKX
Castor 30,ATK
Castor 30B,ATK
Castor 30XL,ATK
Castor 4,THKX
Castor 4A,THKX
Castor 4AXL,THKX
Castor 4B,THKX
Cedre St1,LRS
Cedre St2,LRS
Cedre St3,LRS
Cedre-4 St1,LRS
Centaur,GDA
Centaur D,GDA
Centaur D-1A,GDA
Centaur D-1T,GDA
Centaur I,GDA
Centaur II,GDA
Centaur IIA,GDA
Centaur IIIA,LMA
Centaur IIIB/C-1,LMA
Centaur IIIB/DEC,LMA
Centaur IIIB/SEC,LMA
Centaur T,GDA
Centenario,IIAE
Cetus,LARC
Cetus,THKE
Chick,RORD
Chick x3,RORD
Chick x4,RORD
Cirrus I,DRG
Cirrus II,DRG
Cluster Stage 2,JPL
Cluster Stage 3,JPL
Coralie,SEREB
Corporal E,DAC
Corporal E,JPL
Corporal Type 1,FIRES
Cuckoo 4,RORD
Cuckoo IA,RORD
Cuckoo IB,RORD
Cuckoo II,RORD
Cygnus 10,PARD
Cygnus 15,LARC
Cygnus 15,THKE
Cygnus 20,PARD
Cygnus 20,THKE
Cygnus 25,PARD
Cygnus 40,LARC
Cygnus 40,THKE
Cygnus 5,LARC
DAC Roc,DAC
DC-X,MDAC
DC-XA,MDAC
DF-1,CALT
DF-11,SANJ
DF-11M,SANJ
DF-15,ARMT
DF-16,CASIC
DF-2,CALT
DF-21,ARMT
DF-21 St2,ARMT
DF-2A,CALT
DF-31 St1,ARMT
DF-31 St2,ARMT
DF-31 St3,ARMT
DF-41 St1,ARMT
DF-41 St2,ARMT
DF-41 St3,ARMT
DF-5 Stage 1,CALT
DF-5 Stage 2,CALT
DF3-YF2A,CALT
DF4-YF3,CALT
DIM,IIAE
DS,MITT
DSV-3E-3,AJGC
DSV-3N-4,AJGC
DSV-3P-4,MDAC
DSV-3P-4B,MDAC
Deacon,ABL
Delta CBC,BOHB
Delta CBC RS-68A,BOHB
Delta D4SS-4,BOHB
Delta D4SS-5,BOHB
Delta III Stage 1,BOHB
Delta III Stage 2,BOHB
Delta/0020,MDAC
Demon,RORD
Dolphin,STST
Dorado,WRE
Dragon V2,SPX
E-8-5 VA,NPOL
EELT Thor,DACHB
ELT Thor DSV-2L,DACHB
ELT Thor DSV-2L-1D,DACHB
ELT Thor DSV-2L-1E,DACHB
ELT Thor DSV-2W,DACHB
ELT Thor DSV-2W-1,DACHB
ELT Thor N,DACHB
EPKM,CALT
ESC-A,ASTD
ET,MMMI
Elan,CFTHB
Electron Stage 1,RLABN
Electron Stage 2,RLABN
Electron Stage 3,RLABN
Emad,IR
Emeraude,LRBA
Emilie,CFTHB
Emma,MATRA
Emma Booster,MATRA
Energiya,RKKE
Energiya Blok A,YUZH
Epsilon PBS,JAXA
Excalibur,BAL
FB-1 Stage 1,SAST
FB-1 Stage 2,SAST
FFAR,PARD
FFK,ERNO
FTB,AVIB
FTI,AVIB
FTV,VSSC
FW4D,UTC
FW4S,UTC
Falcon,THKX
Falcon 1,SPX
Falcon 1 St 2,SPX
Falcon 9 St 1,SPX
Falcon 9 St 1/1D,SPX
Falcon 9 St 1/1D-4,SPX
Falcon 9 St 1/1D-5,SPX
Falcon 9 St 1/1D-FT,SPX
Falcon 9 St 2,SPX
Falcon 9 St 2/1D,SPX
Falcon 9 St 2/1D-4,SPX
Falcon 9 St 2/1D-5,SPX
Falcon 9-1D,SPX
FalconLaunch,USAFA
Fateh-110,IR
Frangible Arcas,ATLR
Fregat,NPOL
Fregat-SB,NPOL
GCA/Orion 38,ATKH
GCR 33KS2800,GCR
GEM-40,ATKH
GEM-46,ATKH
GEM-60,ATKH
GF-01A,ARMT
GF-02,ARMT
GLCM,UNK
GS1-L110,LPSCM
GS1-S125,VSSC
GS1-S139,VSSC
GS2,VSSC
GS2-C25,LPSCM
GSOM,VSSC
GSOM-S200,SDSC
GammaCen Booster,IIAE
GammaCen Sustainer,IAE
Genie,THKU
Genie-Alarr,THKU
Ghauri,KRLP
Ghaznavi,PKPMO
Goldfinch,BAJ
Goldfinch II,BAJ
Goose,RORD
Gosling,RORD
Gosling 4T,RORD
Gosling IIN,RORD
Gosling IV,RORD
Grad,ANSAL
Gradicom 1,CITED
Gradicom 2,CITED
Gun Projectile 16,BRL
Gun Projectile 5,BRL
Gun Projectile 7,BRL
H-II SRB,NISST
H-II SRB-A,NISST
H-II SRB-A3,NISST
H-II SSB,NISST
H-II Stage 1,MHITO
H-II Stage 2,MHITO
H-IIA Stage 1,MHITO
H-IIA Stage 2,MHITO
H-IIA Stage 2 U,MHITO
H-IIB Stage 1,MHITO
HAEC FFAR,UNK
HALO,HAL5
HAPS,PRIMX
HAPS Stage,PRIMX
HAT,WRE
HIBEX,BOKT
HIBEX-U,BOKT
HOTROC,NOTS
HPAG,NOTS
HPS3,VSSC
HPS4,VSSC
HTR,NAMMO
HV Arcas,ATLR
HVAR,CIT
HVAR,NOTS
HYSR,LMMI
Hades,AELM
Hatf I,SUPA
Hawk,AJSP
Hercules Booster,DAC
Hercules Booster,HERCR
Hermes A-1,GEMTS
Hermes A-3A,GEMTS
Hermes A-3B,GEMTS
Heron,RORD
Hopi,RPI
Hopi III,RPI
Hopi IV,RPI
Hound Dog,NAA
Hwasong 10,KPA
Hwasong 5,KPA
Hwasong 6,KPA
Hwasong 7,KPA
Hwasong ER,KPA
Hwasong-12 Stage 1,KPA
Hwasong-14 Stage 2,KPA
Hwasong-15 Stage 1,KPA
Hwasong-15 Stage 2,KPA
Hwasong-7,KPA
Hydac,SDCO
Hyperion,EAC
Hyunmoo Booster,DAC
Hyunmoo Booster,HERCR
Hyunmoo-2A,ADD
Hyunmoo-2B,ADD
Hyunmoo-2C,ADD
IAI Arrow,IAI
IAI Arrow St2,IAI
IAI Arrow-1,IAI
INTA S-12,INTA
INTA-100,INTA
IRIS Stage,FIATA
IUS SRM-1,UTC
IUS SRM-2,UTC
Icarus,ERAU
Icarus Stage 2,ERAU
Ikar,PROG
Imp Malemute,THKU
Improved Orion,AJSP
Iraqi Gun Projectile,SRCI
Iris,ATLR
Iroquois,THKE
Iskander,KBM
Iskander-E,KBM
Iskander-M,KBM
Ivanov,FIAN
Ivanov Booster,FIAN
JCR,NISST
JCR Booster,NISST
Javelin 3,SDCO
Jericho II,SUD
Jericho IIIA1,IAI
Jericho IIIA2,IAI
Jericho-1,IAI
Judi I,RPI
Judi III,RPI
Jupiter,ABMA
Jupiter,CHRY
K-15 Booster,DRDO
K-15 Stage 2,DRDO
K-4 Booster,DRDO
K-4 Stage 2,DRDO
K-BATS,HANWHA
K10S,ISAS
K150,ISAS
K245,ISAS
K250,ISAS
K420,ISAS
K420(1/3),ISAS
K420H,ISAS
KM Rockoon,NISST
KM-D,NISST
KM-H,NISST
KM-L,NISST
KM-M,NISST
KM-P,NISST
KM-V1,NISST
KM-V2b,NISST
KM-V2c,NISST
KN-02,KBM
KN-11,KPA
KN-11-2,KPA
KSLV-1 Stage 2,KARI
KSR,KARI
KSR Booster,KARI
KSR-III,KARI
KT-1 St3,HEXI
KZ-1 St3,HEXI
KZ-1 St4,HEXI
KZ-1A St1,ARMT
KZ-2 St3,HEXI
Kappa 1,ISAS
Kappa 3 Booster,ISAS
Kappa 4,ISAS
Kappa 4 Booster,ISAS
Kappa 6,ISAS
Kappa 6H,ISAS
Kappa 8,ISAS
Kappa 8L,ISAS
Kavoshgar,IRSA
Khorramshahr,IR
Kisha,RPI
Kiva,RPI
L-3 Blok G,OKB1
L140-YF21,CALT
L180-YF21B,CALT
L35-YF24,CALT
L35-YF24B,CALT
L480S,ISAS
L500,ISAS
L735,ISAS
L735(1/3),ISAS
LAPSTAR,WRE
LE-3,MHI
LE-5,MHITO
LEO-1,AJSP
LEO-46,AJSP
LEO-7,AJSP
LM AS,GRUM
LPR-006,VSSC
LPR-3T,VSSC
LR87,MARTD
LR87AJ11,MARTD
LR87AJ11A,MARTD
LR87AJ5,MARTB
LR87AJ9,MARTD
LR91,MARTD
LR91AJ11,MARTD
LR91AJ11A,MARTD
LR91AJ5,MARTB
LR91AJ9,MARTD
LS-A,MHITO
LS-A Booster,MHITO
LS-C,MHITO
LS-C Booster,MHITO
LS-C-7,MHITO
LT Thor DSV-2L-1A,DACHB
LT Thor DSV-2L-1B,DACHB
LT Thor DSV-2L-1C,DACHB
LT Thor N,DACHB
LaRC Plastic,LARC
Lacrosse,MARTO
Lambda2-2,ISAS
Lambda3-2,ISAS
Lambda3-3,ISAS
Lance,GCR
Lance Missile,LTVM
Lance XM-45,THKX
Lark,FAIRA
Lex,SNECMA
Lobster I,RORD
Loki,GCR
Loki II,GCR
Loki SR71-AD-1,SDCO
Loki-Dart,GCR
Long Tom,WRE
Luna-M,MIT
Lupus,WRE
Lupus 2,WRE
Lupus 3,WRE
Luzou,SEP
Lynx,NAWC
M-10,NISST
M-100,TAIFUN
M-100 St2,TAIFUN
M-13,NISST
M-13TVC,NISST
M-14,NISST
M-20,NISST
M-22TVC,NISST
M-23,NISST
M-24,NISST
M-25,NISST
M-250,TAIFUN
M-30,NISST
M-34,NISST
M-34c,NISST
M-35,NISST
M-3A,NISST
M-3B,NISST
M-40,NISST
M-6,ABL
M55A1,THKU
M55E1,THKU
M55E1-ATK,THKU
M56A1,SVC
M57A1,HERC
MARC 14A1,ATLR
MARC 14B1,USN
MARC 42A1,ATLR
MARC 42A2,ATLR
MCR-3,VSSC
MD-620,DASST
MERA,KBPT
MG-18,LPC
MLRS,LMCAM
MMR-06,GMS
MR-1,NMC
MR-12,TAIFUN
MR-20,TAIFUN
MR-30,TAIFUN
MR-UR-100 BR,YUZH
MR-UR-100 St 1,YUZH
MR-UR-100 St 2,YUZH
MSBS 401,AELM
MSBS 402,AELM
MSBS 403,AELM
MSBS 501,AELM
MSBS 502,AELM
MSBS 503,AELM
MSD,NRL
MT-135P,NISST
MX-774,CONV
MX-775,ABL
Mace,MARTB
Malemute,THKU
Martlet 1,SRCI
Martlet 2,SRCI
Martlet 3A,SRCI
Martlet 3B,SRCI
Matador,MARTB
Mayfly,WRE
Melanie,ONERA
Melanie 1,ATEF
Melusine,CFTHB
Mesquito,LMCAM
Meteo,SUD
Meteor 1,PIHM
Meteor 3 Booster,PIHM
Meteor 3B Booster,PIHM
Meteor SRB,PIHM
Meteor-2,PAI
Metroc,ATLR
Mimosa,ONERA
Mk 104,THKE
Mk 104 (ARC),ATLCA
Mk 30,HUMS
Mk 56,ATLR
Mk 72,UTC
Mk7,PARD
Momo,IST
Musca,WRE
N-1 Blok-A,OKB1
N-1 Blok-B,OKB1
N-1 Blok-V,OKB1
NA-805,DASST
NAL-16,MHITO
NAL-25,MHITO
NAL-7,MHITO
NAL-735,NASDA
NOTS 124-C,NOTS
NOTS 3in Sph.,NOTS
NOTS 401A,NOTS
NOTS 500,NOTS
NOTS 551,NOTS
NOTS 8in,NOTS
NSPO Booster,NSPO
NSPO Stage 2,NSPO
Naro Stage 1,KHRU
Navaho Booster,NAAD
Navaho Missile,NAAD
Nazeat,IR
Neptune,ONERA
New Shepard PM,BLOR
Nihka,BAL
Nike,ABL
Nike-46,AJ
Nike-46 Sustainer,AJ
Nike-47,AJ
Nike-47 Sustainer,AJ
Nike-484 Sustainer,AJ
Nike-490 Sustainer,AJ
Nudol',ALMAN
Nudol' Booster,ALMAN
OAM,PRIMX
OIS,FAIR
OS-X0,SANJ
OTRAG,OTR
OV,RWI
Oka,KBM
Orbus 1,UTC
Orbus 1A,ATKE
Orbus 21D,UTC
Oreste,ATEF
Oriole,DTI
Orion,AJSP
Orion 38,ATKH
Orion 50,OSCC
Orion 50S,OSCC
Orion 50SG,OSCC
Orion 50SXLG,OSCC
Orion 50SXLT,OSCC
Orion 50XL,OSCC
Orion 50XLT,OSCC
Orion LAS,OSCC
Orion-1,IIAE
Orion-2,IIAE
P064,SUD
P068,SEP
PAL,DASA
PAM-D2,THKU
PAP,BPD
PBS,BELT
PBS,RDYNE
PDV Target St2,HAL
PS2,VSSC
PS3,VSSC
PS4,VSSC
PSOM,VSSC
PSOM-XL,VSSC
Paekkom Booster,ADD
Paiute,THKU
Patriot,THKU
Peacekeeper PBPS,RDYNE
Pedro,THKX
Pegasus XL Stage 1,OSCC
Peregrine,MSFC
Perimetr Stage 1,YUZH
Perimetr Stage 2,YUZH
Pershing 2 St1,MARTO
Pershing 2 St2,MARTO
Petrel,BAJUK
Petrel 2,BAJUK
Polaris TV,LMSC
Pollux,THKX
Prithvi,HAL
Private A,JPL
Private A Booster,JPL
Private F,JPL
Proson St1,CITEF
Proson St2,CITEF
Prosper,ATEF
R-1,NII88
R-11,OKB1
R-11FM,OKB1
R-12,OKB586
R-12 11K63A,OKB586
R-12 63S1A,OKB586
R-12 63S1MA,OKB586
R-13,SKB385
R-14,YUZH
R-14 11K65A,YUZH
R-14 11K65MA,POL
R-14 65S3A,YUZH
R-17,MAK
R-2,OKB1
R-21,SKB385
R-27,MAK
R-29 St 1,MAK
R-29 St 2,MAK
R-29R St 1,MAK
R-29R St 2,MAK
R-29RM St1,MAK
R-29RM St2,MAK
R-29RM St3,MAK
R-31 BS,ARSL
R-31 St 1,ARSL
R-31 St 2,ARSL
R-39 St 1,PAVKH
R-39 St 1,YUZH
R-39 St 2,MAK
R-39 St 3,MAK
R-5,OKB1
R-UNK,UNK
RH-125,VSSC
RH-125S,VSSC
RH-200,VSSC
RH-200SV,VSSC
RH-300,VSSC
RH-300 Booster,ISRO
RH-300 Mk II,VSSC
RH-560,VSSC
RH-560S,VSSC
RH-75,VSSC
RH-ATV,VSSC
RSA-3-1,IAI
RSA-3-2,IAI
RSA-3-3,HOUW
RSRM,THKU
RT-21 St1,MITT
RT-21 St2,MITT
RT-21 St3,MITT
RT-23 St 3,ISKRP
RTV Motor,JPL
RTV-A-3,NAA
RV-A-10,GEMTS
RX-250-LPN,LAPAN
RX-320,LAPAN
RX-420,LAPAN
Raven 1/1A/2A,RORD
Raven 11,RORD
Raven 2,RORD
Raven 5,RORD
Raven 6,RORD
Raven 7,RORD
Raven 8,RORD
Recruit,THKE
Recruit 1A,THKE
Redstone,CHRY
Redstone MRLV,CHRY
Regulus,VOUA
Regulus II,VOUA
Rita I,SEP
Rita I,SUD
Rita II,SEP
Rita II,SUD
Rocketsonde,UNK
Rocketsonde2,UNK
Rook,RORD
Rook II,RORD
Rook IIIA,RORD
Rook IIIB,RORD
S-160,ISAS
S-210,ISAS
S-250,ISAS
S-300,ISAS
S-310,ISAS
S-40,IAE
S-40TM,IAE
S-43,IAE
S-43 VLR-R2,IAE
S-43TM,IAE
S-44,IAE
S-44M,IAE
S-520,ISAS
S-A,MHITO
S-B,MHITO
S-C,MHITO
S1,YUZH
S125,VSSC
S139,VSSC
S1M,YUZH
S3,YUZH
S31,IAE
S3M,POL
S5M,YUZH
S9,VSSC
SA-II,MHITO
SARGE,EXOSA
SB-310,ISAS
SB-735,ISAS
SDC Viper,SDCO
SEGPRO,VSSC
SEP 901,SEP
SEP 901,SUD
SEP 902,SEP
SEP 902,SUD
SEP 903,SEP
SEP 904,SEP
SEP 904,SUD
SEPR P167,SEP
SEPR-732,SUD
SICBM,THKU
SICBM PBS,MMD
SICBM St 2,AJSP
SICBM St 3,HERC
SLV-3 Booster,GDA
SLV-3-1,VSSC
SLV-3-2,VSSC
SLV-3-3,VSSC
SLV-3-4,VSSC
SLV-3C Booster,GDA
SLV-3D Booster,GDA
SM-3-II-2,MHI
SM-3-II-3,MHI
SOZ,PROG
SPRAN-50,ONERA
SQ-1S,SANJ
SR118,THKU
SR119,AJSP
SR120,HERC
SR19,AJSP
SR19AJ1,AJSP
SR19AJ1-ATK,ATKH
SR73AJ1,AJSP
SR73AJ1-ATK,ATKH
SRAM,BOUT
SRM,THKU
SRMU,ATKP
SS-50,IIAE
SS-520 St 2,ISAS
SS-520 St 3,ISAS
ST,MHITO
ST-735,ISAS
ST-735 Stage 2,ISAS
ST-735-SB,NISST
STIG-A,ARMAD
STIG-B,ARMAD
Safir Stage 2,IR
Saluki B,IMIS
Saluki S,IMIS
Sandhawk,SAND
Saturn S-I,MSFC
Saturn S-IB,CHRMI
Saturn S-IC,BOMI
Saturn S-II,NAASB
Saturn S-IV,MSFC
Saturn S-IVB,DACHB
Saturn S-IVD,MSFC
Saturn S-V,GDA
Scud,MAK
Scud B,MAK
Scud D,KPA
Seagull,USN
Sejjil,IR
Sejjil Stage 2,IR
Seliger 1,DRG
Seliger 3,DRG
Sergeant,THKX
Shahab 3,IR
Shaheen,ARMT
Shaheen 2 St 1,ARMT
Shaheen 3 St 2,PKNDC
Shaheen St 2,PKNDC
Shaviyt 1,IAI
Short Al Hussein,MAK
Shourya,DRDO
Shourya Booster,DRDO
Shrike,NWC
Sidewinder,THKX
Sidewinder 1A,NOTS
Sidewinder 1A,THKX
Sidewinder 1A-15,NOTS
Sidewinder 1A-15,THKX
Sidewinder 1D,THKX
Silver Sparrow,IAI
Simorgh Stage 1,IR
Simorgh Stage 2,IR
Sirocco,SDCO
Skat,THKX
Skua,BAJUK
Skua 2,BAJUK
Skua 3,BAJUK
Skybolt St1,DAC
Skybolt St2,DAC
Smart Dispenser,CALT
Snark Booster,NORTH
Snipe,RORD
Sonda 1-1,IAE
Sonda 1-2,IAE
Sonda 2A,AVIB
Sonda 2M,AVIB
Sonda 3-1,IAE
Soyuz-2-1V 132KS,PROG
SpaceLoft XL,UPAE
Spaceship One,SCAL
Spaceship Two,SCAL
Sparrow,HUMS
Squirt St 1,MARTO
Squirt St 2,MARTO
Stable Super Loki,SDCO
Star 20,THKE
Star 26,ATKE
Star 26B,ATKE
Star 26C,ATKE
Star 27,ATKE
Star 37B,THKE
Star 37C,THKE
Star 37D,THKE
Star 37E,THKE
Star 37F,THKE
Star 37FM,THKE
Star 37FMV,THKE
Star 37N,THKE
Star 37S,THKE
Star 37XE,THKE
Star 37XF,THKE
Star 37XFP,THKE
Star 48,THKE
Star 48B,THKE
Star 48B AKM,THKE
Star 48BV,THKE
Star 48V,THKE
Start,MITT
Stonechat I,RORD
Stonechat II,RORD
Stratos II+,DARE
Strela APB,KHRU
Stromboli,ONERA
Super Arcas,ATLR
Super Loki,SDCO
Sword,LPC
T-40,THKE
T-55,THKE
T-7,SIMED
T-7 booster,SIMED
T48,MARTB
THAAD,LMPCO
THAAD Proto,LMCO
TR-1,NASDA
TR-1A,NASDA
TT-200,NASDA
TT-210,NASDA
TT-500,NASDA
TT-500-S2,NASDA
TX-135,THKXM
TX-174,MARTO
TX-175,MARTO
TX-20 Sergeant,THKX
TX-238,THKXM
TX-239,THKXM
TX-261,THKX
TX-261-2,THKX
TX-30,THKX
TX-454,THKXM
TX-500,THKXM
Tacite,ONERA
Taepo Dong 1,KPA
Taepo Dong 1 Stage 2,KPA
Taepo Dong 1 Stage 3,KPA
Taepo Dong 2,KPA
Talos,ABL
Taurion,WFF
Taurus,ABL
Taurus,WFF
Temp,MIT
Temp-S,MIT
Terrier,HERCR
Terrier 12-0,CONVPO
Terrier Mk 12,HERCR
Terrier Mk 70,THKX
Theodore,ATEF
Thor DM-18,DAC
Thor DM-18A,DAC
Thor DM-18C,DAC
Thor DM-21,DAC
Thor DSV-2A,DACHB
Thor DSV-2C,DACHB
Tianying-3C,CSSAR
Tianying-3F Booster,CSSAR
Tiny Tim,USN
Tochka,KBM
Tochka-U,KBM
Tomahawk,THKE
Tomahawk 1,THKE
Topaze,SEREB
Topaze VE111C,SEREB
Topaze VE111L,SEREB
Tramontane,ONERA
Transtage,MARTD
Trident,UTC
Trident C-4 Stage 1,LMSC
Trident C-4 Stage 2,HERC
Trident C-4 Stage 2,LMSC
Trident C-4 Stage 3,UTC
Trident D-5 Stage 1,LMSC
Trident D-5 Stage 2,LMSC
Trident D-5 Stage 3,UTC
UA1205,UTC
UA1206,UTC
UA1207,UTC
UM129A,NISST
UR-100NA,KHRU
UR-100NB,KHRU
UR-100NU APB,KHRU
Unha-1 Stage 2,KPA
Unha-2 Stage 2,KPA
Unha-2 Stage 3,KPA
Unha-3 Stage 3,KPA
Upstage,BOC
Ute,THKU
V-1000,SKB30
V-1000 Booster,SKB30
V-2,WEHR
V-2-Ram,ABMA
V-750,FAKEL
V-750 Booster,ISKRM
V-825,FAKEL
V-825 Booster,FAKEL
VAM Booster,AJ
VAM-17,AJ
VAM-20,AJ
VLS-R1,AVIB
VLS-R1 Strapon,AVIB
VLS-R2,AVIB
VLS-R2 Strapon,AVIB
Vanguard,MARTB
Vega P80FW,AVIO
Vela,WRE
Venus,SUD
Veronique,LRBA
Veronique 61,LRBA
Veronique 61M,LRBA
Veronique AGI,LRBA
Veronique P2,LRBA
Veronique P6,LRBA
Veronique R,LRBA
Vesta,LRBA
Vesuve,ONERA
Viking,MARTB
Viking Type 9,MARTB
Viper I,LPC
Viper IC,LPC
Viper II,LPC
Viper IIIA,SDCO
Viper V,OSCC
Volga,PROG
WAC Corporal,DAC
WAC Corporal,JPL
Wasserfall,WEHR
Waxwing,RORD
X-10,NAAD
X-15,NAA
X-201,ABL
X-241,ABL
X-248,ABL
X-260,ABL
X-260,LMSC
X-265,MARTO
X-271,ABL
X-51A,BNAP
X-7,LVN
X-7A-1 Booster,ABL
X-7A-1 Booster,LVN
Xaero,MASTEN
YZ-1,CALT
YZ-1A,CALT
YZ-2,CALT
Yardbird,THKE
ZN-1,NUDTC
ZUR-215,NPOL
Zefiro,FIATA
Zefiro 23,AVIO
Zefiro 9A,AVIO
Zelzal,IR
Zenit,CONTR
Zeus A,GCR
Zulfiqar,IR
